"739319";"739375"
"739431";"739495"
"739367";"739431"
"739383";"739479"
"739375";"739391"
"739695";"739703"
"739495";"739551"
"739639";"739655"
"739743";"739791"
"739399";"739415"
"739487";"739503"
"739455";"739575"
"739703";"739711"
"739663";"739671"
"739463";"739511"
"739335";"739463"
"739359";"739407"
"739655";"739767"
"739535";"739599"
"739631";"739639"
"739647";"739679"
"739583";"739623"
"739615";"739687"
"739351";"739471"
"739439";"739447"
"739415";"739479"
"739671";"739735"
"739551";"739623"
"739719";"739727"
"739423";"739439"
"739527";"739559"
"739607";"739647"
"739407";"739487"
"739775";"739807"
"739679";"739695"
"739343";"739511"
"739751";"739791"
"739639";"739759"
"739687";"739751"
"739487";"739623"
"739495";"739503"
"739495";"739591"
"739359";"739543"
"739503";"739551"
"739391";"739455"
"739383";"739463"
"739783";"739791"
"739607";"739695"
"739327";"739343"
"739623";"739679"
"739471";"739527"
"739743";"739783"
"739759";"739767"
"739575";"739607"
"739359";"739527"
"739527";"739543"
"739359";"739471"
"739351";"739535"
"739463";"739479"
"739351";"739367"
"739615";"739743"
"739399";"739479"
"739663";"739711"
"739383";"739399"
"739407";"739503"
"739335";"739399"
"739455";"739663"
"739327";"739423"
"739399";"739511"
"739487";"739583"
"739391";"739575"
"739655";"739759"
"739439";"739463"
"739607";"739679"
"739719";"739735"
"739423";"739463"
"739775";"739799"
"739639";"739767"
"739631";"739655"
"739495";"739623"
"739799";"739807"
"739487";"739551"
"739375";"739607"
"739351";"739359"
"739695";"739711"
"739671";"739703"
"739407";"739471"
"739503";"739559"
"739375";"739455"
"739519";"739527"
"739367";"739471"
"739551";"739583"
"739319";"739663"
"739567";"739711"
"739383";"739415"
"739671";"739711"
"739375";"739575"
"739631";"739767"
"739407";"739431"
"739647";"739695"
"739415";"739463"
"739407";"739591"
"739343";"739399"
"739327";"739447"
"739495";"739679"
"739367";"739407"
"739359";"739367"
"739511";"739535"
"739687";"739767"
"739551";"739679"
"739575";"739663"
"739431";"739471"
"739391";"739727"
"739527";"739599"
"739567";"739647"
"739487";"739495"
"739335";"739383"
"739631";"739759"
"739663";"739695"
"739471";"739551"
"739687";"739743"
"739655";"739783"
"739607";"739703"
"739543";"739599"
"739343";"739439"
"739615";"739767"
"739471";"739495"
"739575";"739703"
"739663";"739703"
"739679";"739711"
"739479";"739519"
"739335";"739519"
"739319";"739575"
"739455";"739695"
"739631";"739743"
"739383";"739599"
"739343";"739519"
"739431";"739559"
"739535";"739543"
"739567";"739607"
"739335";"739527"
"739663";"739735"
"739351";"739543"
"739487";"739679"
"739615";"739751"
"739367";"739551"
"739327";"739463"
"739431";"739503"
"739383";"739519"
"739327";"739415"
"739647";"739711"
"739687";"739783"
"739687";"739791"
"739359";"739591"
"739319";"739391"
"739359";"739431"
"739431";"739487"
"739503";"739583"
"739343";"739463"
"739367";"739583"
"739519";"739535"
"739319";"739567"
"739335";"739511"
"739487";"739591"
"739319";"739751"
"739567";"739679"
"739575";"739671"
"739471";"739583"
"739383";"739511"
"739431";"739623"
"739335";"739479"
"739615";"739783"
"739399";"739463"
"739415";"739511"
"739479";"739511"
"739407";"739559"
"739495";"739583"
"739615";"739791"
"739631";"739783"
"739375";"739663"
"739343";"739527"
"739431";"739551"
"739367";"739543"
"739351";"739527"
"739455";"739727"
"739343";"739423"
"739543";"739591"
"739359";"739559"
"739519";"739559"
"739455";"739671"
"739567";"739695"
"739375";"739711"
